{
  "roc_auc": 0.999996,
  "pr_auc": 0.999876,
  "f1": 0.991197,
  "precision": 0.982548,
  "recall": 1.0,
  "threshold": 0.6788030862808228,
  "confusion_matrix": [
    [
      19427,
      10
    ],
    [
      0,
      563
    ]
  ],
  "best_iteration": 373,
  "evaluated_at": "2026-03-13T16:52:44.921560+00:00"
}